{"count":1,"gauges":{"ObstacleTower.CumulativeReward":{"count":1,"max":0,"min":0,"value":0,"weightedAverage":0}},"self":79.1157824,"total":83.1563675,"children":{"AgentSendState":{"count":3927,"self":0.089517199999999991,"total":0.0945134,"children":{"CollectObservations":{"count":393,"self":0.0049962,"total":0.0049962,"children":null}}},"DecideAction":{"count":3927,"self":0.025101599999999998,"total":0.025101599999999998,"children":null},"AgentAct":{"count":3927,"self":3.9189928,"total":3.9189928999999997,"children":null}}}