{"count":1,"gauges":{"ObstacleTowerLearning.CumulativeReward":{"count":46,"max":0,"min":0,"value":0,"weightedAverage":0}},"self":135.7921024,"total":420.33122369999995,"children":{"AgentSendState":{"count":138017,"self":2.1370066,"total":2.8538897999999997,"children":{"CollectObservations":{"count":13802,"self":0.1109814,"total":0.1109814,"children":null},"AgentInfo.ToProto":{"count":13802,"self":0.2968267,"total":0.60590179999999993,"children":{"GenerateSensorData":{"count":13802,"self":0.3090751,"total":0.3090751,"children":null}}}}},"DecideAction":{"count":138017,"self":64.052556799999991,"total":64.0525552,"children":null},"AgentAct":{"count":138017,"self":217.628672,"total":217.63068239999998,"children":{"AgentInfo.ToProto":{"count":46,"self":0.0020153,"total":0.0020153,"children":{"GenerateSensorData":{"count":46,"self":0,"total":0,"children":null}}}}}}}